[{"object": {"name": "lec_run"}, "lec": "21.10-s300 (22-Aug-2021) (64 bit executable)", "pid": "198071"},
{"Total_DesignSize": "283420", "Inout_count": "0", "Output_count": "550", "object": {"OBJID": "2", "NAME": "AES_CMAC", "DESIGN": "golden"}, "DESFILE": "1", "LIBFILE": "1", "Input_count": "548", "Root_name": "AES_CMAC", "Total_Hierachies": "4", "Design_search_path": ["../rtl/"]},
{"Total_DesignSize": "21468", "Inout_count": "0", "Output_count": "275", "object": {"OBJID": "3", "NAME": "AES_CMAC", "DESIGN": "revised"}, "DESFILE": "1", "LIBFILE": "0", "Input_count": "274", "Root_name": "AES_CMAC", "Total_Hierachies": "3", "Design_search_path": ["."]},
{"freemem": "55196.06", "object": {"order": "45", "name": "SET SYSTEM MODE "}, "cpu": "0.89", "elapse": "1.00", "mem": "281.23", "peakmem": "281.23", "load": "0.37", "outdisk": "83.77"},
{"freemem": "55200.86", "object": {"order": "262", "name": "COMPARE ", "context": "sbox sbox"}, "cpu": "2.19", "elapse": "4.00", "mem": "276.22", "peakmem": "276.22", "load": "0.42", "outdisk": "83.82"},
{"freemem": "55193.89", "object": {"order": "282", "name": "SET SYSTEM MODE - Balanced modeling", "context": "AES_CMAC AES_CMAC"}, "cpu": "0.21", "elapse": "1.00", "mem": "284.20", "peakmem": "284.20", "load": "0.42", "outdisk": "83.82"},
{"freemem": "55188.65", "object": {"order": "286", "name": "ANALYZE SETUP - sequential merge", "context": "AES_CMAC AES_CMAC"}, "cpu": "0.02", "elapse": "1.00", "mem": "284.46", "peakmem": "284.46", "load": "0.42", "parent": {"order": "284", "name": "ANALYZE SETUP ", "context": "AES_CMAC AES_CMAC"}, "outdisk": "83.82"},
{"freemem": "55187.27", "object": {"order": "284", "name": "ANALYZE SETUP ", "context": "AES_CMAC AES_CMAC"}, "cpu": "0.61", "elapse": "1.00", "mem": "284.46", "peakmem": "284.46", "load": "0.42", "outdisk": "83.82"},
{"freemem": "55166.21", "object": {"order": "310", "name": "COMPARE ", "context": "AES_CMAC AES_CMAC"}, "cpu": "1.69", "elapse": "4.00", "mem": "289.16", "peakmem": "289.16", "load": "0.33", "outdisk": "83.82"}]