[{"object": {"name": "lec_run"}, "lec": "21.10-s300 (22-Aug-2021) (64 bit executable)", "pid": "198769"},
{"Total_DesignSize": "21065", "Inout_count": "0", "Output_count": "275", "object": {"OBJID": "0", "NAME": "AES_CMAC", "DESIGN": "golden"}, "DESFILE": "1", "LIBFILE": "1", "Input_count": "274", "Root_name": "AES_CMAC", "Total_Hierachies": "3", "Design_search_path": ["."]},
{"Total_DesignSize": "21063", "Inout_count": "0", "Output_count": "275", "object": {"OBJID": "1", "NAME": "AES_CMAC", "DESIGN": "revised"}, "DESFILE": "1", "LIBFILE": "0", "Input_count": "274", "Root_name": "AES_CMAC", "Total_Hierachies": "3", "Design_search_path": ["."]},
{"freemem": "55285.59", "object": {"order": "21", "name": "COMPARE "}, "ncpu": "24", "cpu": "0.64", "elapse": "1.00", "mem": "174.09", "peakmem": "174.09", "load": "0.23", "parent": {"order": "13", "name": "ANALYZE SETUP "}, "outdisk": "0.75"},
{"freemem": "55285.13", "object": {"order": "13", "name": "ANALYZE SETUP "}, "cpu": "0.85", "elapse": "1.00", "mem": "175.61", "peakmem": "175.61", "load": "0.23", "outdisk": "0.75"}]